scenario,model,split_seed,test_rows,test_high_risk_rate,roc_auc,brier_score,accuracy,precision,recall,f1
leakage_safe_baseline,Logistic Regression,7,1000,0.766,0.8245,0.1722,0.747,0.9171,0.7363,0.8168
leakage_safe_baseline,Random Forest,7,1000,0.766,0.8271,0.1432,0.717,0.9899,0.6371,0.7752
no_late_payment_count,Logistic Regression,7,1000,0.766,0.4472,0.2525,0.482,0.7422,0.4961,0.5947
no_late_payment_count,Random Forest,7,1000,0.766,0.5096,0.2062,0.753,0.7667,0.9739,0.858
leakage_safe_baseline,Logistic Regression,19,1000,0.766,0.8227,0.1719,0.744,0.8972,0.752,0.8182
leakage_safe_baseline,Random Forest,19,1000,0.766,0.8297,0.1365,0.742,0.9811,0.6762,0.8006
no_late_payment_count,Logistic Regression,19,1000,0.766,0.4719,0.2513,0.486,0.7432,0.5026,0.5997
no_late_payment_count,Random Forest,19,1000,0.766,0.5034,0.206,0.749,0.7663,0.9674,0.8552
leakage_safe_baseline,Logistic Regression,42,1000,0.766,0.8063,0.1855,0.716,0.8964,0.7115,0.7933
leakage_safe_baseline,Random Forest,42,1000,0.766,0.8299,0.1426,0.718,0.9859,0.641,0.7769
no_late_payment_count,Logistic Regression,42,1000,0.766,0.4863,0.2511,0.5,0.7628,0.5039,0.6069
no_late_payment_count,Random Forest,42,1000,0.766,0.4918,0.2071,0.749,0.7663,0.9674,0.8552
leakage_safe_baseline,Logistic Regression,73,1000,0.766,0.8393,0.1645,0.762,0.9138,0.7611,0.8305
leakage_safe_baseline,Random Forest,73,1000,0.766,0.8438,0.1301,0.749,0.9905,0.6789,0.8056
no_late_payment_count,Logistic Regression,73,1000,0.766,0.4442,0.253,0.461,0.7312,0.4687,0.5712
no_late_payment_count,Random Forest,73,1000,0.766,0.4743,0.2085,0.746,0.7628,0.97,0.854
leakage_safe_baseline,Logistic Regression,101,1000,0.766,0.8321,0.169,0.746,0.9089,0.7428,0.8175
leakage_safe_baseline,Random Forest,101,1000,0.766,0.833,0.1348,0.744,0.983,0.6775,0.8022
no_late_payment_count,Logistic Regression,101,1000,0.766,0.4855,0.2507,0.496,0.75,0.5131,0.6093
no_late_payment_count,Random Forest,101,1000,0.766,0.4922,0.2058,0.754,0.7669,0.9752,0.8586
leakage_safe_baseline,Logistic Regression,137,1000,0.766,0.8285,0.1725,0.747,0.9157,0.7376,0.8171
leakage_safe_baseline,Random Forest,137,1000,0.766,0.8274,0.1364,0.739,0.9922,0.6645,0.7959
no_late_payment_count,Logistic Regression,137,1000,0.766,0.4916,0.2523,0.482,0.7707,0.4608,0.5768
no_late_payment_count,Random Forest,137,1000,0.766,0.5402,0.2026,0.76,0.7662,0.9883,0.8632
leakage_safe_baseline,Logistic Regression,211,1000,0.766,0.8283,0.173,0.742,0.9262,0.7206,0.8106
leakage_safe_baseline,Random Forest,211,1000,0.766,0.8284,0.1362,0.738,0.9846,0.6684,0.7963
no_late_payment_count,Logistic Regression,211,1000,0.766,0.4741,0.251,0.505,0.7561,0.5222,0.6178
no_late_payment_count,Random Forest,211,1000,0.766,0.479,0.207,0.754,0.7669,0.9752,0.8586
leakage_safe_baseline,Logistic Regression,307,1000,0.766,0.8236,0.1762,0.74,0.9121,0.7311,0.8116
leakage_safe_baseline,Random Forest,307,1000,0.766,0.8251,0.1405,0.727,0.9881,0.6514,0.7852
no_late_payment_count,Logistic Regression,307,1000,0.766,0.4705,0.2511,0.49,0.7433,0.5104,0.6053
no_late_payment_count,Random Forest,307,1000,0.766,0.5045,0.2057,0.746,0.7645,0.9661,0.8535
leakage_safe_baseline,Logistic Regression,401,1000,0.766,0.8436,0.1636,0.755,0.9168,0.748,0.8239
leakage_safe_baseline,Random Forest,401,1000,0.766,0.8296,0.1328,0.747,0.9942,0.6736,0.8031
no_late_payment_count,Logistic Regression,401,1000,0.766,0.4692,0.2529,0.48,0.752,0.4791,0.5853
no_late_payment_count,Random Forest,401,1000,0.766,0.501,0.2059,0.753,0.7651,0.9778,0.8585
leakage_safe_baseline,Logistic Regression,509,1000,0.766,0.8121,0.1804,0.735,0.906,0.7298,0.8084
leakage_safe_baseline,Random Forest,509,1000,0.766,0.8181,0.1432,0.723,0.9939,0.6423,0.7803
no_late_payment_count,Logistic Regression,509,1000,0.766,0.4494,0.2528,0.486,0.7432,0.5026,0.5997
no_late_payment_count,Random Forest,509,1000,0.766,0.5109,0.2048,0.755,0.7666,0.9778,0.8594
